<?xml version="1.0" encoding="UTF-8"?>
<!--
   New Perspectives on XHTML and XML
   Tutorial 14
   Tutorial Case

   Tamoxifen Breast Cancer Compound Document (Pg 825)
   Author: Michael Fetick, 84270
   Date:   27 September 2013

   Filename:         tamoxifen.xml
   Supporting Files: patvb.xsd, study.xsd
-->

<std:study studyID="TBC-080-5"
           xmlns:xsi="http://www.w3.org/2001/XMLSchema-instance"
           xmlns:std="http://uhosp/studies/ns"
           xsi:schemaLocation="http://uhosp/studies/ns study.xsd">

   <name>
      <title>Tamoxifen Breast Cancer Study</title>
      <subtitle>Randomized Phase 3 Clinical Trial</subtitle>
   </name>
   <description>This is a phase 3 clinical cancer trial in which
                stage I and stage II breast cancer patients are
                randomly assigned to either tamoxifen or a placebo.
                The endpoints of the study are long-term mortality
                and quality of life measures.
   </description>
   <pi>Dr. Diane West</pi>

<pat:patients xmlns:pat="http://uhosp.edu/patients/ns"
			  xsi:schemaLocation="http://uhosp.edu/patients/ns patvb.xsd">

   <patient patID="MR890-041-02" onStudy="TBC-080-5">
      <lastName>Dibbs</lastName>
      <firstName>Cynthia</firstName>
      <dateOfBirth>1949-05-22</dateOfBirth>
      <age>62</age>
      <stage>II</stage>
      <performance scale="Karnofsky">0.81</performance>
   </patient>

   <patient patID="MR771-121-10" onStudy="TBC-080-5">
      <lastName>Wilkes</lastName>
      <firstName>Karen</firstName>
      <dateOfBirth>1963-02-24</dateOfBirth>
      <age>48</age>
      <stage>II</stage>
      <comment>Dropped out of study.</comment>
      <performance scale="Karnofsky">0.84</performance>
   </patient>

   <patient patID="MR701-891-05" onStudy="TBC-080-5">
      <lastName>Sanchez</lastName>
      <firstName>Olivia</firstName>
      <dateOfBirth>1962-08-14</dateOfBirth>
      <age>49</age>
      <stage>II</stage>
      <comment>Possibly stage I/II</comment>
      <comment>Karnofsky performance rating unavailable.</comment>
      <performance scale="Bell">0.89</performance>
   </patient>

   <patient patID="MR805-891-08" onStudy="TBC-080-5">
      <lastName>Russell</lastName>
      <firstName>Alice</firstName>
      <dateOfBirth>1956-9-14</dateOfBirth>
      <age>55</age>
      <stage>II</stage>
      <performance scale="Karnofsky">0.76</performance>
   </patient>

   <patient patID="MR815-741-03" onStudy="TBC-080-5">
      <lastName>Browne</lastName>
      <firstName>Brenda</firstName>
      <dateOfBirth>1968-04-25</dateOfBirth>
      <age>39</age>
      <stage>I</stage>
      <performance scale="Karnosfky">0.88</performance>
   </patient>

</pat:patients>   
</std:study>
