<?xml version="1.0" encoding="UTF-8" standalone="no" ?>
<!--
   New Perspectives on XHTML and XML
   Tutorial 13
   Review Assignment

   Products from the Butterfly Garden
   Author: Michael Fetick, 84270
   Date:   26 September 2013

   Filename:         garden.xml
   Supporting Files: kits.dtd, kits.xml, samples.dtd, samples.xml
 
-->

<!DOCTYPE productList
[
<!ELEMENT productList (kits, samples)>

<!ENTITY kitsList SYSTEM "kits.xml">

<!ENTITY samplesList SYSTEM "samples.xml">

<!-- kits.dtd contains a list of kits codes (IE browser only) -->
	<!ENTITY % kitsDTD SYSTEM "kits.dtd">
	%kitsDTD;
	
<!-- samples.dtd contains a list of samples codes (IE browser only) -->
	<!ENTITY % samplesDTD SYSTEM "samples.dtd">
	%samplesDTD;
]>

<productList>

<kits>
   <kit>
      <kitName kid="BF100P">Butterfly farm pop-up self erecting portable greenhouse</kitName>
      <kitDesc>This pop-Up greenhouse has full zipper closure with ample screened 
               ventilation. The greenhouse provides optimum controlled environment for 
               butterfly host plant seed germination, seedling development, cutting 
               propagation, and butterfly breeding year round. Units have screened vents which
               protect live material from insects and pest.
      </kitDesc>
      <kitPrice>$299.95</kitPrice>
   </kit>
   <kit>
      <kitName kid="BFGK10">Field of Dreams backyard butterfly garden kit</kitName>
      <kitDesc>Complete seed starter kit with instructions on creating a beautiful 
               backyard garden for attracting a variety of butterflies. Our seed starter 
               system includes a plastic base unit with 72 individual growing wells, 
               growing media, and a clear plastic dome.
      </kitDesc>
      <kitPrice>$49.95</kitPrice>
   </kit>
   <kit>
      <name kid="BF8">Butterfly Feeder</name>
      <description>This feeder incorporates a simple lift off and fill system to ensure
               that your butterflies will have a fresh supply of nectar. The unit can be 
               hung or post mounted.
      </description>
      <price>$19.95</price>
   </kit>
   <kit>
      <kitName kid="BFC60">Butterfly pop-up screened room</kitName>
      <kitDesc>This pop-up screen room is an excellent habitat for breeding or for 
               butterfly exhibits. The pop-up room is so compact it fits in a bag the 
               size of a suitcase, instantly opening into a screened-in butterfly habitat 
               large enough to accommodate 10 adults.
      </kitDesc>
      <kitPrice>$79.95</kitPrice>
   </kit>
   <kit>
      <kitName kid="IRS10">Insect rearing sleeve</kitName>
      <kitDesc>For raising and studying insects in-situ on their natural host plants. 
               The rearing sleeve has a clear panel for observation, and long draw-strings 
               for sealing the ends around host plant branches.
      </kitDesc>
      <kitPrice>$14.95</kitPrice>
   </kit>
   <kit>
      <kitName kid="RC100">Rearing cup, 100 cups and lids</kitName>
      <kitDesc> A package of 100 cups with clear lid and filter paper. Excellent for 
                rearing butterfly and moth larvae. 
      </kitDesc>
      <kitPrice>$24.95</kitPrice>
   </kit>   
</kits>

<samples>
   <sample>
      <sampName sid="MBL25" sType="larvae">Monarch Butterfly, 6-12 larvae</sampName>
      <sampDesc>This is a live Monarch larvae culture. Includes special rearing 
                cup with 6-12 Monarch larvae with artificial diet or milkweed leaves. 
                You must have a milkweed plant or source of milkweed before ordering. 
      </sampDesc>
      <sampPrice discount="yes">$42.11</sampPrice>
   </sample>
   <sample>
      <sampName sid="MP12" sType="pupae">Monarch Pupae (Danaus Plexippus), 12 pupae</sampName>
      <sampDesc>This kit includes twelve Monarch pupae,emergence chambers,climbing scaffolds, 
                and instructions for their care.
      </sampDesc>
      <sampPrice>$89.95</sampPrice>
   </sample>
   <sample>
      <sampName sid="HME100" sType="eggs">Hummingbird Hawkmoth (Manduca Sexta), 100 eggs</sampName>
      <sampDesc>This is an excellent species for classroom study. The larvae are large, 
                easy to rear on artificial diet. The caterpillar eats tomato leaves and the 
                adult is a nectar feeder. The larval stage last between 3-4 weeks and the pupal 
                stage about one month or less.
      </sampDesc>
      <sampPrice discount="yes">$39.95</sampPrice>
   </sample>
   <sample>
      <sampName sid="PL24L" sType="larvae">Painted Lady Butterfly Larvae, 24 larvae</sampName>
      <sampDesc>The culture includes four 8oz rearing cups,(6 larvae /cup) and pre-made 
                artificial diet. Excellent and stable breeder for school projects and private
                hobbyists.
      </sampDesc>
      <sampPrice>$45.95</sampPrice>
   </sample>
   <sample>
      <sampName sid="SWM75" sType="larvae">Silkworm Moth (Bombyx mori) Breeding Kit</sampName>
      <sampDesc>The silkworm moth is native to China, and has been cultivated for many centuries. 
                The female silkworm moth dies after depositing her eggs on mulberry leaves. The 
                larvae hatch in about 10 days. One hundred silkworm eggs can turn into over one 
                pound of worms in less than 30 days. This kit includes: rearing containers, 
                4 hinged pupation breeding observatories,50 to 75 silkworms, forceps, 
                large packets of artificial mulberry diet and complete instructions. 
      </sampDesc>
      <sampPrice>$79.95</sampPrice>
   </sample>
   <sample>
      <sampName sid="GF12" sType="eggs">Gulf Fritillary (Agraulis vanillae) 50 eggs</sampName>
      <sampDesc>Gulf Fritillary eggs with breeding cups and artificial passion vine diet. 
                For best results, you must have a species-specific host plant or extra Passion 
                Vine artificial diet to feed your larvae. This kits comes with 50 eggs and
                instructions.
      </sampDesc>
      <sampPrice discount="yes">$33.95</sampPrice>
   </sample>
</samples>

</productList>
