<!--
   New Perspectives on XHTML and XML
   Tutorial 13
   Review Assignment

   List of Butterfly Kits sold by the Butterfly Garden
   Author: Michael Fetick, 84270
   Date:   26 September 2013

   Filename:         kits.xml
   Supporting Files: 
-->

<kits>
   <kit>
      <kitName kid="BF100P">Butterfly farm pop-up self erecting portable greenhouse</kitName>
      <kitDesc>This pop-Up greenhouse has full zipper closure with ample screened 
               ventilation. The greenhouse provides optimum controlled environment for 
               butterfly host plant seed germination, seedling development, cutting 
               propagation, and butterfly breeding year round. Units have screened vents which
               protect live material from insects and pest.
      </kitDesc>
      <kitPrice>$299.95</kitPrice>
   </kit>
   <kit>
      <kitName kid="BFGK10">Field of Dreams backyard butterfly garden kit</kitName>
      <kitDesc>Complete seed starter kit with instructions on creating a beautiful 
               backyard garden for attracting a variety of butterflies. Our seed starter 
               system includes a plastic base unit with 72 individual growing wells, 
               growing media, and a clear plastic dome.
      </kitDesc>
      <kitPrice>$49.95</kitPrice>
   </kit>
   <kit>
      <name kid="BF8">Butterfly Feeder</name>
      <description>This feeder incorporates a simple lift off and fill system to ensure
               that your butterflies will have a fresh supply of nectar. The unit can be 
               hung or post mounted.
      </description>
      <price>$19.95</price>
   </kit>
   <kit>
      <kitName kid="BFC60">Butterfly pop-up screened room</kitName>
      <kitDesc>This pop-up screen room is an excellent habitat for breeding or for 
               butterfly exhibits. The pop-up room is so compact it fits in a bag the 
               size of a suitcase, instantly opening into a screened-in butterfly habitat 
               large enough to accommodate 10 adults.
      </kitDesc>
      <kitPrice>$79.95</kitPrice>
   </kit>
   <kit>
      <kitName kid="IRS10">Insect rearing sleeve</kitName>
      <kitDesc>For raising and studying insects in-situ on their natural host plants. 
               The rearing sleeve has a clear panel for observation, and long draw-strings 
               for sealing the ends around host plant branches.
      </kitDesc>
      <kitPrice>$14.95</kitPrice>
   </kit>
   <kit>
      <kitName kid="RC100">Rearing cup, 100 cups and lids</kitName>
      <kitDesc> A package of 100 cups with clear lid and filter paper. Excellent for 
                rearing butterfly and moth larvae. 
      </kitDesc>
      <kitPrice>$24.95</kitPrice>
   </kit>   
</kits>