<?xml version="1.0" encoding="UTF-8" standalone="no" ?>
<!--
   New Perspectives on XHTML and XML
   Tutorial 13
   Tutorial Case

   The Butterfly Garden Orders Report
   Author: 
   Date:   

   Filename:         orders.xml
   Supporting Files: codes.dtd
-->


<customers>
   <customer custID="cust201" custType="home">
      <name title="Mr.">David Lynn</name>
      <address>
         <![CDATA[
         211 Fox Street
         Greenville, NH 03048
         ]]>
      </address>
      <phone>(603) 555-1812</phone>
      <email>dlynn@nhx.net</email>
      <orders>
         <order orderID="or1031" orderBy="cust201">
            <orderDate>8/1/2012</orderDate>
            <items>
               <item itemPrice="299.95">BF100P</item>
               <item itemPrice="49.95">BFGK10</item>
            </items>
         </order>
         <order orderID="or1142" orderBy="cust201">
            <orderDate>9/14/2012</orderDate>
            <items>
               <item itemPrice="52.23" itemQty="2">MWT15</item>
               <item itemPrice="124.44" itemQty="3">MBL25</item>
            </items>
         </order>
      </orders>
   </customer>

   <customer custID="cust202">
      <name title="Mrs.">Jean Kaufmann</name>
      <address>
         <![CDATA[
         411 East Oak Avenue
         Sparta, WI  54656
         ]]>
      </address>
      <phone>(608) 555-4033</phone>
      <email>jk@truedreams.com</email>
      <orders>
         <order orderID="or1089" orderBy="cust202">
            <orderDate>8/11/2012</orderDate>
            <items>
               <item itemPrice="39.95">HME100</item>
               <item itemPrice="89.95" itemQty="2">MP12</item>
            </items>
         </order>
      </orders>
   </customer>

   <customer custID="cust203" custType="school">
      <name>Riverfront High School</name>
      <address>
         <![CDATA[
         55 Washburn Lane
         Monroe, MI  48161
         ]]>
      </address>
      <phone>(811) 555-2987</phone>
      <orders>
         <order orderID="or1120" orderBy="cust203">
            <orderDate>9/15/2012</orderDate>
            <items>
               <item itemPrice="79.95" itemQty="2">PLBK70</item>
            </items>
         </order>
      </orders>
   </customer>
</customers>