<?xml version="1.0" encoding="UTF-8" standalone="yes" ?>

<!-- 
   New Perspectives on HTML and XHTML 5th Edition
   Tutorial 11
   Tutorial Case

   Recipes from the helpfulcook.com 
   Author: Michael Fetick, 84270
   Date:   10 September 2013

   Location/Filename: recipes.xml
   Supporting files:  
-->
<?xml-stylesheet type="text/css" href="dp.css" ?>

<recipes>
	<recipe group="beef" nationality="asian">
		<title>Grilled Flank Steak with Asian Sauce</title>
		<description>
		<![CDATA[
		A flavorful marinade adds a touch of zest to this classic
		steak recipe. The dish is best served with green beans
		& rice. We recommend complementing the marinade spices
		with a pale ale or a Pinot Noir.		
		]]>
		</description>
		<author>Tanya Evans</author>
		<servings>6</servings>
		
		<ingredients>
			<ingredient>&#189; cup soy sauce</ingredient>
			<ingredient>&#189; cup plum sauce</ingredient>
			<ingredient>&#189; cup pineapple juice</ingredient>
			<ingredient>&#189; cup ketchup</ingredient>
			<ingredient>&#188; cup scallions, finely sliced</ingredient>
			<ingredient>3 tbsps cilantro, chopped</ingredient>
			<ingredient>2 tbsps fresh ginger, minced</ingredient>
			<ingredient>2 tbsps fresh garlic, minced</ingredient>
			<ingredient>2 flank steaks, about 1&#188; lbs each</ingredient>
		</ingredients>
		
		<directions>
			<step>Combine the marinade ingredients in a medium bowl.</step>
			<step>Trim the flank steaks of surface fat. </step>
			<step>Place the steaks and marinade in a sealed plastic bag
				   and refrigerate for 3 to 6 hours.</step>
			<step>Remove the steaks from the bag and boil the marinade
				   in a small saucepan for 1 full minute.</step>
			<step>Let steaks stand at room temperature for 20 to 30 minutes.</step>
			<step>Grill steaks over direct high heat (500&#176;) for 8 to 10
				   minutes, turning once halfway through.</step>
			<step>Remove steaks from the grill and let rest for 3 to 5
				   minutes.</step>
			<step>Cut steaks across the grain into thin strips and serve
				   with the marinade sauce.</step>
		</directions>
		
	</recipe>
</recipes>






















