<?xml version="1.0" encoding="UTF-8" standalone="no" ?>
<!--
   New Perspectives on XHTML and XML
   Tutorial 13
   Review Assignment

   Products from the Butterfly Garden
   Author: Michael Fetick, 84270
   Date:   26 September 2013

   Filename:         garden.xml
   Supporting Files: kits.dtd, kits.xml, samples.dtd, samples.xml
 
-->

<!DOCTYPE productList
[
<!ELEMENT productList (kits, samples)>

	<!ELEMENT kits>

	<!ELEMENT samples>

<!ELEMENT kitsList SYSTEM "kits.dtd">

<!ELEMENT samplesList SYSTEM "samples.dtd">

<!-- kits.dtd contains a list of kits codes (IE browser only) -->
	<!ENTITY % kitsDTD SYSTEM "kits.dtd">
	%kitsDTD;
	
<!-- samples.dtd contains a list of samples codes (IE browser only) -->
	<!ENTITY % samplesDTD SYSTEM "samples.dtd">
	%samplesDTD;
]>

<productList>
  <kits>
	<kit>
      <kitName kid="cust201">The Name</kitName>
      <kitDesc>A description</kitDesc>
      <kitPrice>$18.12</kitPrice>
	</kit>
  </kits>

  <kitList>
	<kitName kid="cust201">The Name</kitName>
	<kitDesc>A description</kitDesc>
	<kitPrice>$18.12</kitPrice>
  </kitList>

  <samples>
	<sampName sid="cust201" sType="eggs">The Name</sampName>
	<sampDesc>A description</sampDesc>
	<sampPrice discount="yes">$18.12</sampPrice>
  </samples>

  <samplesList>
	<sampName sid="cust201" sType="eggs">The Name</sampName>
	<sampDesc>A description</sampDesc>
	<sampPrice discount="yes">$18.12</sampPrice>
  </samplesList>

</productList>
