<!--
   New Perspectives on XHTML and XML
   Tutorial 13
   Review Assignment

   List of Butterfly Samples sold by the Butterfly Garden
   Author: 
   Date:   

   Filename:         samples.xml
   Supporting Files: 
-->
<samples>
   <sample>
      <sampName sid="MBL25" sType="larvae">Monarch Butterfly, 6-12 larvae</sampName>
      <sampDesc>This is a live Monarch larvae culture. Includes special rearing 
                cup with 6-12 Monarch larvae with artificial diet or milkweed leaves. 
                You must have a milkweed plant or source of milkweed before ordering. 
      </sampDesc>
      <sampPrice discount="yes">$42.11</sampPrice>
   </sample>
   <sample>
      <sampName sid="MP12" sType="pupae">Monarch Pupae (Danaus Plexippus), 12 pupae</sampName>
      <sampDesc>This kit includes twelve Monarch pupae,emergence chambers,climbing scaffolds, 
                and instructions for their care.
      </sampDesc>
      <sampPrice>$89.95</sampPrice>
   </sample>
   <sample>
      <sampName sid="HME100" sType="egg">Hummingbird Hawkmoth (Manduca Sexta), 100 eggs</sampName>
      <sampDesc>This is an excellent species for classroom study. The larvae are large, 
                easy to rear on artificial diet. The caterpillar eats tomato leaves and the 
                adult is a nectar feeder. The larval stage last between 3-4 weeks and the pupal 
                stage about one month or less.
      </sampDesc>
      <sampPrice discount="yes">$39.95</sampPrice>
   </sample>
   <sample>
      <sampName sid="PL24L" sType="larvae">Painted Lady Butterfly Larvae, 24 larvae</sampName>
      <sampDesc>The culture includes four 8oz rearing cups,(6 larvae /cup) and pre-made 
                artificial diet. Excellent and stable breeder for school projects and private
                hobbyists.
      </sampDesc>
      <sampPrice>$45.95</sampPrice>
   </sample>
   <sample>
      <sampName sid="SWM75" sType="larvae">Silkworm Moth (Bombyx mori) Breeding Kit</sampName>
      <sampDesc>The silkworm moth is native to China, and has been cultivated for many centuries. 
                The female silkworm moth dies after depositing her eggs on mulberry leaves. The 
                larvae hatch in about 10 days. One hundred silkworm eggs can turn into over one 
                pound of worms in less than 30 days. This kit includes: rearing containers, 
                4 hinged pupation breeding observatories,50 to 75 silkworms, forceps, 
                large packets of artificial mulberry diet and complete instructions. 
      </sampDesc>
      <sampPrice>$79.95</sampPrice>
   </sample>
   <sample>
      <sampName sid="GF12" sType="eggs">Gulf Fritillary (Agraulis vanillae) 50 eggs</sampName>
      <sampDesc>Gulf Fritillary eggs with breeding cups and artificial passion vine diet. 
                For best results, you must have a species-specific host plant or extra Passion 
                Vine artificial diet to feed your larvae. This kits comes with 50 eggs and
                instructions.
      </sampDesc>
      <sampPrice discount="yes">$33.95</sampPrice>
   </sample>
</samples>