<?xml version="1.0" encoding="UTF-8" standalone="no" ?>
<!--
   New Perspectives on XHTML and XML
   Tutorial 13
   Tutorial Case

   The Butterfly Garden Orders Report
   Author: Michael Fetick, 84270
   Date:   18 September 2013

   Filename:         orders.xml
   Supporting Files: codes.dtd

<!DOCTYPE customers SYSTEM "codes.dtd">

-->

<!DOCTYPE customers
[
<!-- Product code descriptions inserted as general entities -->
<!ENTITY BF100P "Butterfly farm pop-up self-erecting portable greenhouse">
<!ENTITY BFGK10 "Field of Dreams backyard butterfly kit">
<!ENTITY HME100 "Hummingbird Hawkmoth (Manduca Sexta), 100 eggs">
<!ENTITY MBL25 "Monarch Butterfly, 6-12 larvae">
<!ENTITY MP12 "Monarch Pupae (Danaus Plexippus), 12 pupae">
<!ENTITY MWT15 "Giant Milkweed Tree (Calotropis Ssp.), 1 crown flower">
<!ENTITY PLBK70 "Painted Lady classroom breeding kit, 70 larvae">

<!ELEMENT customers (customer+)>

	<!ELEMENT customer (name, address, phone, email?, orders)>
	<!ATTLIST customer custID ID #REQUIRED>
	<!ATTLIST customer custType (school | home | business) #IMPLIED>
	
		<!ELEMENT name (#PCDATA)>
		<!ATTLIST name title (Mr. | Mrs. | Ms.) #IMPLIED>
	
		<!ELEMENT address (#PCDATA)>
	
		<!ELEMENT phone (#PCDATA)>
	
		<!ELEMENT email (#PCDATA)>
	
		<!ELEMENT orders (order+)>

			<!ELEMENT order (orderDate, items)>
			<!ATTLIST order orderID ID #REQUIRED>
			<!ATTLIST order orderBy IDREF #REQUIRED>

				<!ELEMENT orderDate (#PCDATA)>
	
				<!ELEMENT items (item+)>

					<!ELEMENT item (#PCDATA)>
					<!ATTLIST item itemPrice CDATA #REQUIRED>
					<!ATTLIST item itemQty CDATA "1">
					
<!-- codes.dtd contains a list of product codes (IE browser only) -->
	<!ENTITY % itemCodes SYSTEM "codes.dtd">
	%itemCodes;
]>

<customers>
   <customer custID="cust201" custType="home">
      <name title="Mr.">David Lynn</name>
      <address>
         <![CDATA[
         211 Fox Street
         Greenville, NH 03048
         ]]>
      </address>
      <phone>(603) 555-1812</phone>
      <email>dlynn@nhx.net</email>
      <orders>
         <order orderID="or1031" orderBy="cust201">
            <orderDate>8/1/2012</orderDate>
            <items>
               <item itemPrice="299.95">&BF100P;</item>
               <item itemPrice="49.95">&BFGK10;</item>
            </items>
         </order>
         <order orderID="or1142" orderBy="cust201">
            <orderDate>9/14/2012</orderDate>
            <items>
               <item itemPrice="52.23" itemQty="2">&MWT15;</item>
               <item itemPrice="124.44" itemQty="3">&MBL25;</item>
            </items>
         </order>
      </orders>
   </customer>

   <customer custID="cust202">
      <name title="Mrs.">Jean Kaufmann</name>
      <address>
         <![CDATA[
         411 East Oak Avenue
         Sparta, WI  54656
         ]]>
      </address>
      <phone>(608) 555-4033</phone>
      <email>jk@truedreams.com</email>
      <orders>
         <order orderID="or1089" orderBy="cust202">
            <orderDate>8/11/2012</orderDate>
            <items>
               <item itemPrice="39.95">&HME100;</item>
               <item itemPrice="89.95" itemQty="2">&MP12;</item>
            </items>
         </order>
      </orders>
   </customer>

   <customer custID="cust203" custType="school">
      <name>Riverfront High School</name>
      <address>
         <![CDATA[
         55 Washburn Lane
         Monroe, MI  48161
         ]]>
      </address>
      <phone>(811) 555-2987</phone>
      <orders>
         <order orderID="or1120" orderBy="cust203">
            <orderDate>9/15/2012</orderDate>
            <items>
               <item itemPrice="79.95" itemQty="2">&PLBK70;</item>
            </items>
         </order>
      </orders>
   </customer>
</customers>
