<?xml version="1.0" encoding="UTF-8" standalone="yes" ?>
<!--
   New Perspectives on XHTML and XML
   Tutorial 12
   Case Problem 2

   First MathML Equation

   Filename:         eq1.xml
   Supporting Files: 
-->

         <mrow>
            <mn>a</mn>
            <msup>
               <mi>x</mi>
               <mn>2</mn>
            </msup>
            <mo>+</mo>
            <mn>b</mn>
            <mi>x</mi>
            <mo>+</mo>
            <mn>c</mn>
            <mo>=</mo>
            <mn>0</mn>
         </mrow>