<?xml version="1.0" encoding="UTF-8" standalone="yes" ?>
<!--
   New Perspectives on XHTML and XML
   Tutorial 12
   Case Problem 2

   Second MathML Equation

   Filename:         eq2.xml
   Supporting Files: 
-->

         <mrow>
            <mi>x</mi>
            <mo>=</mo>
            <mfrac>
               <mrow>
                  <mo>-</mo>
                  <mi>b</mi>
                  <mo>&#177;</mo>
                  <msqrt>
                     <msup>
                        <mi>b</mi>
                        <mn>2</mn>
                     </msup>
                     <mo>-</mo>
                     <mn>4</mn>
                     <mi>a</mi>
                     <mi>c</mi>
                  </msqrt>
               </mrow>
               <mrow>
                  <mn>2</mn>
                  <mi>a</mi>
               </mrow>
            </mfrac>
         </mrow>