<?xml version="1.0" encoding="UTF-8" standalone="yes" ?>
<!--
   New Perspectives on XHTML and XML
   Tutorial 12
   Case Problem 2

   Third MathML Equation

   Filename:         eq3.xml
   Supporting Files: 
-->

         <m:mrow>
            <m:mn>2</m:mn>
            <m:msup>
               <m:mi>x</m:mi>
               <m:mn>2</m:mn>
            </msup>
            <m:mo>-</m:mo>
            <m:mn>14</m:mn>
            <m:mi>x</m:mi>
            <m:mo>+</m:mo>
            <m:mn>20</m:mn>
            <m:mo>=</m:mo>
            <m:mn>0</m:mn>
         </m:mrow>