<?xml version="1.0" encoding="UTF-8" standalone="yes" ?>
<!--
   New Perspectives on XHTML and XML
   Tutorial 12
   Case Problem 2

   Fourth MathML Equation

   Filename:         eq4.xml
   Supporting Files: 
-->


         <mrow>
            <mi>x</mi>
            <mo>=</mo>
            <mfrac>
               <mrow>
                  <mi>14</mi>
                  <mo>&#177;</mo>
                  <msqrt>
                     <msup>
                        <mi>(-14)</mi>
                        <mn>2</mn>
                     </msup>
                     <mo>-</mo>
                     <mn>4</mn>
                     <mi>(2)</mi>
                     <mi>(20)</mi>
                  </msqrt>
               </mrow>
               <mrow>
                  <mn>2</mn>
                  <mi>(2)</mi>
               </mrow>
            </mfrac>
         </mrow>