<?xml version="1.0" encoding="UTF-8"?>
<!--
   New Perspectives on XHTML and XML
   Tutorial 14
   Tutorial Case

   Tamoxifen Breast Cancer Compound Document
   Author: 
   Date:   

   Filename:         tamoxifen.xml
   Supporting Files: patvb.xsd, study.xsd
-->

<std:study studyID="TBC-080-5"
           xmlns:xsi="http://www.w3.org/2001/XMLSchema-instance"
           xmlns:std="http://uhosp/studies/ns"
           xsi:schemaLocation="http://uhosp/studies/ns study.xsd">

   <name>
      <title>Tamoxifen Breast Cancer Study</title>
      <subtitle>Randomized Phase 3 Clinical Trial</subtitle>
   </name>
   <description>This is a phase 3 clinical cancer trial in which
                stage I and stage II breast cancer patients are
                randomly assigned to either tamoxifen or a placebo.
                The endpoints of the study are long-term mortality
                and quality of life measures.
   </description>
   <pi>Dr. Diane West</pi>

</std:study>