<?xml version="1.0" encoding="UTF-8" standalone="yes" ?>
<!--
   New Perspectives on XHTML and XML
   Tutorial 12
   Case Problem 4

   Author Listings from the Bozeman Public Library

   Filename:         author.xml
   Supporting Files: author.css
-->

<?xml-stylesheet type="text/css" href="author.css"?>
         <author>
            <name>Feynman, Richard</name>
            <description>Richard Phillips Feynman (May 11, 1918 - February 
                         15, 1988) was an American physicist known for his ground-breaking
                         work on quantum mechanics and the theory of quantum electrodynamics;
                         but perhaps he is more famous for his writings that popularize
                         science and provide a quirkly look at the life a scientist.
                         Feynman's most popular works are "Surely You're Joking, Mr.
                         Feynman!" and its companion volume, "What Do You Care What Other
                         People Think?". For students of physics, there may be no better
                         introduction to the study of physics than the three volume
                         "Feynman Lectures on Physics", containing the transcription of
                         his physics course given at Caltech in the early 1960's.
            </description>
            <books>
               <book>
                  <title>The meaning of it all : thoughts of a citizen scientist 
                  </title>
                  <link>http://www.bozlib.org/0201360802</link>
               </book>
               <book>
                  <title>Most of the good stuff : memories of Richard Feynman  
                  </title>
                  <link>http://www.bozlib.org/0883188708</link>
               </book>
               <book>
                  <title>Perfectly reasonable deviations from the beaten track : the 
                         letters of Richard P. Feynman
                  </title>
                  <link>http://www.bozlib.org/0738206369</link>
               </book>
               <book>
                  <title>The pleasure of finding things out : the best short works of 
                   Richard P. Feynman
                  </title>
                  <link>http://www.bozlib.org/0738201081</link>
               </book>
               <book>
                  <title>Six easy pieces : essentials of physics, explained by its 
                      most brilliant teacher
                  </title>
                  <link>http://www.bozlib.org/0201409550</link>
               </book>
               <book>
                  <title>"Surely you're joking, Mr. Feynman!" : adventures of a curious 
                          character 
                  </title>
                  <link>http://www.bozlib.org/0553346687</link>
               </book>
               <book>
                  <title>What do you care what other people think? : further adventures 
                         of a curious character  
                  </title>
                  <link>http://www.bozlib.org/0553347845</link>
               </book>
            </books>
         </author>
