<?xml version="1.0" encoding="UTF-8" standalone="yes" ?>
<!--
   New Perspectives on XHTML and XML
   Tutorial 12
   Case Problem 4

   Sample Book Listings from the Bozeman Public Library

   Filename:         books.xml
   Supporting Files: books.css
-->

<?xml-stylesheet type="text/css" href="books.css"?>
         <books>
            <book>
               <author>Feynman, Ricard</author>
               <title>Six easy pieces : essentials of physics, explained by its 
                      most brilliant teacher
               </title>
               <description>Presents six of the easiest chapters from the Nobel 
                            Prize winner's celebrated text Lectures in Physics, 
                            originally published in 1963, which comprised the lectures 
                            he prepared for undergraduate students at Caltech in the 
                            early 1960s. Addressing key topics in largely qualitative 
                            terms without formal mathematics, the six selections discuss 
                            atoms in motion, basic physics, the relation of physics to 
                            other sciences, conservation of energy, the theory of 
                            gravitation, and quantum behavior. 
               </description>
               <category>Non-fiction</category>
               <material>Book</material>
               <publisher>Addison-Wesley</publisher>
               <pubdate>c1995</pubdate>
               <isbn>0201409550</isbn>
               <call>530 FEYNMAN 1995</call>
               <copies>2</copies>
            </book>

            <book>
               <author>Feynman, Ricard</author>
               <title>The pleasure of finding things out : the best short works of 
                      Richard P. Feynman 
               </title>
               <description>Comprises 13 pieces--interviews, speeches, lectures, and 
                            printed articles--on all sorts of topics, by the inimitable 
                            physicist. Many (most) are available elsewhere, but it's fun 
                            to have them collected here. Freeman Dyson provides the foreword; 
                            editor Robbins briefly introduces the collection and each selection. 
               </description>
               <category>Non-fiction</category>
               <material>Book</material>
               <publisher>Helix Books, Perseus Books</publisher>
               <pubdate>c1999</pubdate>
               <isbn>0738201081</isbn>
               <call>530 FEYNMAN 1999</call>
               <copies>1</copies>
            </book>

            <book>
               <author>Feynman, Ricard</author>
               <title>Perfectly reasonable deviations from the beaten track : the letters of 
                      Richard P. Feynman  
               </title>
               <description>In this career-spanning collection of letters, many published here 
                            for the first time, we are able to see this side of Feynman like 
                            never before. Perfectly Reasonable Deviations from the Beaten Track 
                            covers a dazzling array of topics and themes, scientific developments 
                            and personal histories. With missives to and from scientific luminaries, 
                            as well as letters to and from fans, family, students, crackpots, as 
                            well as everyday people eager for Feynman's wisdom and counsel, the 
                            result is a de facto guide to life, and eloquent testimony to the human 
                            quest for knowledge at all levels.
               </description>
               <category>Non-fiction</category>
               <material>Book</material>
               <publisher>Basic Books</publisher>
               <pubdate>c2005</pubdate>
               <isbn>0738206369</isbn>
               <call>FEYNMAN FEYNMAN 2005</call>
               <copies>1</copies>
            </book>
         </books>
