<?xml version="1.0" >
<!-- 
   New Perspectives on XHTML and XML
   Tutorial 11
   Case Problem 3
   
   Filename: staff.xml
   Author:   
   Date:     

-->

<Staff>
   <Notes>
   <![CData[
   There are over 85 employees at Biotech. This document contains data on each employee's
   status, department affiliation, years employed, social security number, health plane, and
   salary.
   </Notes>
   ]]>

   <Employee>
      <Name>Janice Richardson</Name>
      <Status>Fulltime</Status>
      <Department>Sales</Department>
      <Years>5</Years>
      <SS>370-16-3631</SS>
      <Health>Standard Single</Health>
      <Salary>$42,500</Salary>
   </Employee>

   <Employee>
      <Name>Alan Wu</Name>
      <Status>Fulltime</Status>
      <Department>Research</Department>
      <Years>2</Years>
      <SS>385-22-3311</SS>
      <Health>Standard Married</Health>
      <Salary>$52,800</Salary>
   </Employee>

   <Employee>
      <Name>Walter Bright</Name>
      <Status>Part-time</Status>
      <Department>Sales</Department>
      <Years>1</Years>
      <SS>310-46-8933</SS>
      <Health>None</Health>
      <Salary>$22,500</Salary>
   </Employee>

   <Employee>
      <Name>Cindy Jacques</Name>
      <Status>Fulltime</Status>
      <Department>Management</Department>
      <Years>15</Years>
      <SS>301-88-8891</SS>
      <Health>Bonus Married</Health>
      <Salary>$68,400</Salary>
   </Employee>

   <Employee>
      <Name>Kelly Sanchez</Name>
      <Status>Fulltime</Status>
      <Department>Sales</Department>
      <Years>3</Years>
      <SS>312-22-4817</SS>
      <Health>Standard Single</Health>
      <Salary>$38,500</Salary>
   </Employee>

   <Employee>
      <Name>Larry Unwin</Name>
      <Status>Fulltime</Status>
      <Department>Finance</Department>
      <Years>8</Years>
      <SS>325-99-5515</ss>
      <Health>Standard Married</Health>
      <Salary>$49,300</Salary>
   </Employee>

   <Employee>
      <Name>Carl Li</Name>
      <Status>Fulltime</Status>
      <Department>Research</Department>
      <Years>3</Years>
      <SS>353-56-5652</SS>
      <Health>Standard Single</Health>
      <Salary>$55,500</Salary>
   </Employee>

   <Employee>
      <Name>Diane Lane</Name>
      <Status>Part-time</Status>
      <Department>Finance</Department>
      <Years>1</Years>
      <SS>381-29-4533</SS>
      <Health>None</Health>
      <Salary>$25,100</Salary>
   </Employee>

   <Employee>
      <Name>Harold Wilkes</Name>
      <Status>Fulltime</Status>
      <Department>Sales & Finance</Department>
      <Years>5</Years>
      <SS>372-32-3232</SS>
      <Health>Standard Married</Health>
      <Salary>$44,500</Salary>
   </Employee>

   <Employee>
      <Name>Robert Breznski</Name>
      <Status>Fulltime</Status>
      <Department>Sales</Department>
      <Years>10</Years>
      <SS>374-46-3234</SS>
      <Health>Bonus Married</Health>
      <Salary>$49,900</Salary>
   </Employee>

   <Employee>
      <Name>Karen Dawes</Name>
      <Status>Fulltime</Status>
      <Department>Management</Department>
      <Years>12</Years>
      <SS>365-50-2030</SS>
      <Health>Bonus Single</Health>
      <Salary>$82,500</Salary>
   </Employee>

   <Employee>
      <Name>Olivia Wills</name>
      <Status>Fulltime</status>
      <Department>Research</department>
      <Years>2</Years>
      <SS>372-22-3232</SS>
      <Health>Standard Married</Health>
      <Salary>$52,300</Salary>
   </Employee>

   <Employee>
      <Name>Carl Levine</Name>
      <Status>Fulltime</Status>
      <Department>Sales</Department>
      <Years>1</Years>
      <SS>379-96-9639</SS>
      <Health>Standard Single</Health>
      <Salary>$49,500</Salary>
   </Employee>

   <Employee>
      <Name>Bert Browne</Name>
      <Status>Fulltime</Status>
      <Department>Research</Department>
      <Years>4</Year>
      <SS>364-46-4643</SS>
      <Health>Standard Married</Health>
      <Salary>$52,500</Salary>
   </Employee>

   <Employee>
      <Name>Jill Whyte</Name>
      <Status>Part-time</Status>
      <Department>Sales</Department>
      <Years>1</Years>
      <SS>375-15-5635</SS>
      <Health>None</Health>
      <Salary>$32,500</Salary>
   </Employee>

   <Employee>
      <Name>Sarah Davis</Name>
      <Status>Fulltime</Status>
      <Department>Sales</Department>
      <Years>5</Years>
      <SS>378-96-3822</SS>
      <Health>Bonus Married</Health>
      <Salary>$52,500</Salary>
   </Employee>

</staff>