<?xml version="1.0" encoding="UTF-8" standalone="no" ?>
<!--
   New Perspectives on XHTML and XML
   Tutorial 14
   Case Problem 2

   Montana Library Assocation Sample Holdings
   Author: 
   Date:   
   Filename:         materials.xml
   Supporting Files: mla.xsd
-->

<materials>

   <item isbn="0394419480">
      <title>The Civil War: a narrative. [Vol 1], Fort Sumter to Perryville</title>
      <authors>
         <author>Foote, Shelby</author>
      </authors>
      <description>Volume 1 of 3 in a narrative history of the United States Civil 
                   War.
      </description>
      <format>book</format>
      <copies>5</copies>
      <holdRequests>1</holdRequests>
      <publisher>Random House [1958-74]</publisher>
      <availability>
         <library name="Bozeman" call="973.7 FOO" status="Checked Out" />
         <library name="Helena" call="973.7 F739ci v1" status="Checked Out" />
         <library name="Ashfield" call="973.7 FOO" status="In Library" />
         <library name="Broadmore" call="973.7 FOO" status="In Library" />
         <library name="Cutler" call="973.7 FOO" status="In Library" />
      </availability>
   </item>


   <item isbn="0394419510">
      <title>The Civil War: a narrative. [Vol 2], Fredericksburg to Meridan</title>
      <authors>
         <author>Foote, Shelby</author>
      </authors>
      <description>Volume 2 of 3 in a narrative history of the United States Civil 
                   War
      </description>
      <format>book</format>
      <copies>3</copies>
      <holdRequests>0</holdRequests>
      <publisher>Random House [1958-74]</publisher>
      <availability>
         <library name="Bozeman" call="973.7 FOO" status="In Library" />
         <library name="Helena" call="973.7 F739ci v2" status="In Library" />
         <library name="Ashfield" call="973.7 FOO" status="In Library" />
      </availability>
   </item>

   <item isbn="0394465121">
      <title>The Civil War: a narrative. [Vol 3], Red River to Appomattox</title>
      <authors>
         <author>Foote, Shelby</author>
      </authors>
      <description>Volume 3 of 3 in a narrative history of the United States Civil 
                   War
      </description>
      <format>book</format>
      <copies>3</copies>
      <holdRequests>0</holdRequests>
      <publisher>Random House [1958-74]</publisher>
      <availability>
         <library name="Bozeman" call="973.7 FOO" status="In Library" />
         <library name="Helena" call="973.7 F739ci v3" status="Checked Out" />
         <library name="Ashfield" call="973.7 FOO" status="In Library" />
      </availability>
   </item>

   <item isbn="0143143604">
      <title>Tried by War: Abraham Lincoln as commander in chief</title>
      <authors>
         <author>McPherson, James M.</author>
         <author>Guidall, George</author>
      </authors>
      <description>An audiobook recording of the book describing Abraham Lincoln's
                   experience as commander in chief during the U.S. Civil War.
      </description>
      <format>cd</format>
      <copies>2</copies>
      <holdRequests>7</holdRequests>
      <publisher>Penguin Audio, p2008</publisher>
      <availability>
         <library name="Bozeman" call="973.7092 L638mc CD" status="Checked Out" />
         <library name="Helena" call="973.7 LIN BOCD" status="Checked Out" />
      </availability>
   </item>

   <item isbn="0800177967">
      <title>Glory</title>
      <description>Two idealistic young Bostonians lead the 54th Massachusetts Volunteer 
                   Infantry, America's first Black regiment in the Civil War.
      </description>
      <format>DVD Movie</format>
      <copies>2</copies>
      <holdRequests>0</holdRequests>
      <publisher>Penguin Audio, p2008</publisher>
      <availability>
         <library name="Bozeman" call="DVD GLO" status="In Library" />
         <library name="Helena" call="DVD GLO" status="In Library" />
      </availability>
   </item>

   <item>
      <title>A stillness at Appomattox</title>
      <authors>
         <author>Catton, Bruce</author>
         <author>Cunningham, James</author>
      </authors>
      <description>A description of the last year of the Civil War, after Grant became 
                   commander of the armies (audiobook on cassette).
      </description>
      <format>cassette</format>
      <copies>1</copies>
      <holdRequests>0</holdRequests>
      <publisher>Books on Tape p1979</publisher>
      <availability>
         <library name="Ashfield" call="973.738 C297s Tape" status="In Library" />
      </availability>
   </item>

   <item isbn="0-828-10305-4">
      <title>The Civil War</title>
      <authors>
         <author>Catton, Bruce</author>
      </authors>
      <description>An overview of the U.S. Civil War in one volume.
      </description>
      <format>book</format>
      <copies>1</copies>
      <holdRequests>none</holdRequests>
      <publisher>Houghton Mifflin, 1987, c1960</publisher>
      <availability>
         <library name="Cutler" call="973.7 C297c" status="In Library" />
      </availability>
   </item>

   <item isbn="078063277X">
      <title>Gettysburg</title>
      <description>Civil War drama depicting the events and personal struggles 
                   of the Union and Confederate soldiers at the Battle of 
                   Gettysburg.
      </description>
      <format>dvd</format>
      <copies>2</copies>
      <holdRequests>1</holdRequests>
      <publisher>Penguin Audio, p2008</publisher>
      <availability>
         <library name="Bozeman" call="DVD GET" status="In Library" />
         <library name="Ashfield" call="DVD GET" status="Checked Out" />
      </availability>
   </item>

   <item isbn="0965393429">
      <title>Personal memoirs</title>
      <authors>
         <author>Grant, Ulysses S.</author>
      </authors>
      <description>Ulysses s. Grant's personal memoirs detailing his life
                   up through the conclusion of the U.S. Civil War.
      </description>
      <format>book</format>
      <copies>1</copies>
      <holdRequests>2</holdRequests>
      <publisher>Modern Library, 1999</publisher>
      <availability>
         <library name="Helena" call="973.8209 Gra" status="Checked out of library" />
      </availability>
   </item>

   <item isbn="0679425411">
      <title>The Killer Angels</title>
      <authors>
         <author>Shaara, Michael</author>
      </authors>
      <description>This Pulitzer prize-winning classic follows the 3 days of the
                   epic battle of Gettysburg.
      </description>
      <format>book</format>
      <copies>3 copies</copies>
      <holdRequests>0</holdRequests>
      <publisher>McKay, [1974]</publisher>
      <availability>
         <library name="Bozeman" call="FIC SHAA" status="In Library" />
         <library name="Helena" call="FIC SHAA" status="In Library" />
         <library name="Ashfield" call="FIC SHAA" status="In Library" />
      </availability>
   </item>

   <item isbn="0345409574">
      <title>Gods and Generals</title>
      <authors>
         <author>Shaara, Jeff</author>
      </authors>
      <description>A "prequel" to Michael Shaara's The killer angels. 
      </description>
      <format>book</format>
      <copies>2</copies>
      <holdRequests>0</holdRequests>
      <publisher>McKay, [1974]</publisher>
      <availability>
         <library name="City of Bozeman" call="FIC SHA" status="In Library" />
         <library name="Ashfield" call="FIC SHA" status="In Library" />
      </availability>
   </item>

</materials>
