<?xml version="1.0" encoding="UTF-8" standalone="no" ?>
<!--
   New Perspectives on XHTML and XML
   Tutorial 13
   Case Problem 2

   Catalog of Clocks from the Heritage Museum
   Author: 
   Date:   

   Filename:         clocks.xml
   Supporting Files: clocks.dtd
 
-->
 
<catalog collection = "clocks">

   <item collID = "c1748" donatedBy="James Sullivan">
      <name keywords="clock watch enterprise banjo">Banjo Clock</name>
      <description>Banjo clock. Painting of Enterprise and Boxer on lower part. 
                   Brass dome finial. Finial has been removed from top of clock 
                   and is in bottom of case.
      </description>
      <date>1800 circa</date>
      <images>
         <img src="1748a.jpg" alt="" />
         <img src="1748b.jpg" />
      </images>
   </item>

   <item collID = "c1003">
      <name keywords="clock mantel watch">Mantle Clock</name>
      <description>Rectangular frame of onyx and pink marble. Brass surround to 
                   round clock face. Painted white. Round fabric-lined opening 
                   on back allows access to clock works. Top and base stepped 
                   and decorated with curlicue designs.
      </description>
      <date>1890 circa</date>
      <images>
         <img src="1003a.jpg" />
      </images>
   </item>

   <item collID = "c1411" donatedBy = "State College Insurance">
      <name keywords="clock watch">Gold Metal Clock</name>
      <descriptions>Clock is gold metal, wind-up with gold plaque inscribed State 
                   College Insurance Company, State College, Pennsylvania around 
                   the edge. In the center is a bas relief landscape medallion of 
                   State College with the inscription, "in recognition of 35 years 
                   of leadership." The case is black with a black interior and a 
                   gold clasp.
      </descriptions>
      <date>1921</date>
   </item>


   <item collID = "c2077" donatedBy = "Linda Uffington">
      <name keywords="watch timekeeping pocket">Pocket Watch</name>
      <description>Open face, key winder. Ring attached to stem at top. Black 
                   Roman numerals, landscape scene in center with buildings, trees, 
                   fence &amp; road. Small seconds clock at base. Cover and edges 
                   decoratively engraved. 
      </description>
      <date>1870 circa</date>
      <images>
         <img src="2077a.jpg" />
         <img src="2077b.jpg" />
      </images>
   </item>

   <item collID = "c2078" donatedBy = "Linda Uffington">
      <name keywords="watch timekeeping pocket">Pocket Watch</name>
      <description>Man's stem winder. Open case. White face, black Roman numerals. 
                   Small round seconds clock at base. Winder knob at top with ring 
                   attached. No decorative engraving. On back: repair markings.
      </description>
      <date>1870 circa</date>
      <images>
         <img src="2078a.jpg" />
         <img src="2078b.jpg" />
      </images>
   </item>

   <item collID = "c2079" donatedBy = "Linda Uffington">
      <name keywords="watch timekeeping pocket railway">Pocket Watch</name>
      <description>Open case. White face with black Roman numerals. Written on face, 
                   in red: RAILWAY TIMEKEEPER; in black: PRESCOT/LANCASHIRE. Small, 
                   round seconds clock at bottom. Stem winder w/ring attached at 
                   top. Hinged back cover opens to be wound. Key w/watch. No front 
                   cover.
      </description>
      <date>1870 circa</date>
      <images>
         <img src="2079a.jpg" />
         <img src="2079b.jpg" />
      </images>
   </item>

   <item collID = "c3233">
      <name keywords="clock">Ogee Clock</name>
      <description>Rectangular clock w/ogee molding; reverse painting on lower front 
                   in white, yellow, red; face w/roman numerals and floral motif.
      </description>
      <date>1890 circa</date>
   </item>

   <item collID = "c3495" donatedBy = "Isaac Dudec">
      <name keywords="clock Bohemia ship shipwreck">Bohemain Clock</name>
      <description>Round brass clock mounted on wooden block. Face painted and 
                   partially flaked off. Name of maker missing. 
                   Metal hook on back of clock for attaching it to wall.
      </description>
      <date>1860 circa</date>
      <images>
         <img src="3495a.jpg" />
         <img src="3495b.jpg" />
         <img src="3495c.jpg" />
         <img src="3495d.jpg" />
         <img src="3495e.jpg" />
         <img src="3495f.jpg" />
         <img src="3495g.jpg" />
      </images>
   </item>

   <item collID = "c3511" donatedBy = "Benjamin Norris">
      <name keywords="clock, child">Child's Bedroom Clock</name>
      <description>Four footed, paper clock face, figure of child on top with fishing 
                   pole, dog behind. Child wearing pants only, carrying fish. Garlands 
                   of flowers on surrounds of clock face.
      </description>
      <date>1859</date>
   </item>

   <item collID = "c3601">
      <name keywords="wall clock case grandfather">Grandfather Clock</name>
      <description>English bell strike grandfather clock with calendar Hand 
                   painted face.
      </description>
      <date>1800 circa</date>
      <images>
      </images>
   </item>

</catalog>