<?xml version = "1.0" encoding = "UTF-8" ?>

<!--
   New Perspectives on XHTML and XML
   Tutorial 12
   Case Problem 1

   The SF Control Room Podcast

   Author:   
   Date:     

   Filename:         sfcrpod.xml
   Supporting Files: 
-->

<rss>

    <channel>
        <title>The SF Control Room</title>
        <description>Hugo and Nebula award-winning science fiction author Kevin Vinter
                     talks about the world of science fiction in the podcast. Join
                     Kevin twice-a-month for interviews, book reviews, and readings
                     from science fiction classics.
        </description>
        <link>http://www.sfcontrolroom.com/podcast.html</link>
        <language>en</language>

        <item>
            <title>The SF Control Room #2</title>
            <description>Kevin reads an excerpt from his new novelette, The Wages of Sin,
                         and a science essay, I am an Emergent Phenomenom. Kevin
                         will also review the latests novel by K.D. Wilson and the
                         new sf movie, Blaster Force (it stinks).
            </description>
            <link>http://www.sfcontrolroom.com/podcast.html#sfcr02</link>
            <enclosure url="http://www.sfcontrolroom.com/media/pod/sfcr02.mp3" 
                       length="57813786" type="audio/mpeg"  >
            </enclosure>
            <pubDate>Sun, 04 Oct 2012 15:44:02 -0800</pubDate>
        </item>

        <item>
            <title>The SF Control Room #1</title>
            <description>Kevin Vinter introduces a new podcast with a packed program
                         of readings and interviews from the world of science fiction.
                         Kevin reads an extended excerpt from his Hugo awarding-winning
                         novel, The Long Sleep and provides backstory on the writing
                         of this sf classic. Join us for an interview with Otto
                         Greene, editor of Escher Magazine. Finally we'll look
                         at the recent WorldCon in Vancouver and applaud the winners.
            </description>
            <link>http://www.sfcontrolroom.com/podcast.html#sfcr01</link>
            <enclosure url="http://www.sfcontrolroom.com/media/pod/sfcr01.mp3" 
                       length="58851072" type="audio/mpeg"  >
            </enclosure>
            <pubDate>Sun, 27 Sep 2012 15:11:01 -0800</pubDate>
        </item>

    </channel>

</rss>

