<!--
   New Perspectives on XHTML and XML
   Tutorial 13
   Case Problem 3

   Pixal Products Models List
   Author: 
   Date:   

   Filename:         models.xml
   Supporting Files: 
-->

<models>

   <model mid="pr205" 
            parts="chx201 fa100-5 eng005-2 cbx-450V4 tn0153"
            type="color_laser">
      <title>Laser4C (PR205)</title>
      <description>Entry level color laser printer</description>
      <ordered>220</ordered>
   </model>

   <model mid="pr105" 
            parts="chx201 fa100-5 eng005-2 cbx-050V4 tn01-003"
            type="BW_Laser">
      <title>Laser I (PR105)</title>
      <description>Workgroup BW Laser Printer</description>
      <ordered>116</ordered>
   </model>

</models>