<?xml version="1.0" encoding="UTF-8" standalone="yes" ?>

<!-- 
   New Perspectives on HTML and XHTML 5th Edition
   Tutorial 11
   Tutorial Review Case

   Desserts from the helpfulcook.com 
   Author: Michael Fetick, 84270
   Date:   10 September 2013

   Location/Filename: desserts.xml
   Supporting files:  
-->
<?xml-stylesheet type="text/css" href="dstyles.css" ?>

<desserts>
	<dessert>
		<title>Delicious Chocolate Bars</title>
		<description>
		<![CDATA[
		Description: These delicious chocolate bars are a holiday favorite 
		and are very easy to make. For an extra kick add a shot of amaretto 
		to the chocolate mixture.
		]]>
		</description>
		<author>Kevin Young</author>
		<servings>36 bars</servings>
		<prepTime>2 hours</prepTime>
		
		<ingredients>
			<ingredient>12 ounce pkg. chocolate chips</ingredient>
			<ingredient>1 (8 oz.) pkg. cream cheese</ingredient>
			<ingredient>1 (5.3 oz.) can evaporated milk</ingredient>
			<ingredient>1 cup walnuts, chopped</ingredient>
			<ingredient>&#189; teaspoon almond extract</ingredient>
			<ingredient>3 cups all-purpose flour, unsifted</ingredient>
			<ingredient>1&#189; cups granulated sugar</ingredient>
			<ingredient>1 teaspoon baking powder</ingredient>
			<ingredient>&#189; teaspoon salt</ingredient>
			<ingredient>1 cup butter or margarine, softened</ingredient>
			<ingredient>2 eggs</ingredient>
			<ingredient>&#189; teaspoon almond extract</ingredient>
		</ingredients>
		
		<directions>
			<step>Combine chocolate chips, cream cheese and evaporated milk in medium saucepan.</step>
			<step>Cover over low heat, stirring constantly, until chips are melted and mixture is smooth. </step>
			<step>Remove from heat; stir in walnuts and 1/2 teaspoon almond extract. Blend well; set aside. </step>
			<step>Combine remaining ingredients in large mixer bowl. Blend well with mixer until mixture resembles coarse crumbs. </step>
			<step>Press half of mixture in greased 13 x 9 inch pan. </step>
			<step>Spread with chocolate mixture. </step>
			<step>Sprinkle with rest of crumbs over filling.</step>
			<step>Bake at 375 degrees for 35 to 40 minutes.</step>
		</directions>

		<reviews>
			<review>4 Stars. Terrific. These are a big hit with our family at Christmas - Lori D.</review>
			<review>4 Stars. Delicious and easy to make - Helen S.</review>
			<review>3 Stars. Very good. A touch heavy for my taste - Stefanie J.</review>
		</reviews>
	
	</dessert>
</desserts>






















